[{"id":0,"name":"death bed (coffee for your head) (feat. beabadoobee)","artists":"Powfu","spotify_id":"7eJMfftS33KTjuF7lTsMCx","search":"death bed (coffee for your head) (feat. beabadoobee) Powfu"},{"id":1,"name":"THE SCOTTS","artists":"THE SCOTTS","spotify_id":"39Yp9wwQiSRIDOvrVg7mbk","search":"THE SCOTTS THE SCOTTS"},{"id":2,"name":"The Box","artists":"Roddy Ricch","spotify_id":"0nbXyq5TXYPCO7pr3N8S4I","search":"The Box Roddy Ricch"},{"id":3,"name":"ily (i love you baby) (feat. Emilee)","artists":"Surf Mesa","spotify_id":"62aP9fBQKYKxi7PDXwcUAS","search":"ily (i love you baby) (feat. Emilee) Surf Mesa"},{"id":4,"name":"Supalonely","artists":"BENEE","spotify_id":"4nK5YrxbMGZstTLbvj6Gxw","search":"Supalonely BENEE"},{"id":5,"name":"Dance Monkey","artists":"Tones And I","spotify_id":"2XU0oxnq2qxCpomAAuJY8K","search":"Dance Monkey Tones And I"},{"id":6,"name":"Party Girl","artists":"StaySolidRocky","spotify_id":"5RqR4ZCCKJDcBLIn4sih9l","search":"Party Girl StaySolidRocky"},{"id":7,"name":"Stuck with U (with Justin Bieber)","artists":"Ariana Grande","spotify_id":"4HBZA5flZLE435QTztThqH","search":"Stuck with U (with Justin Bieber) Ariana Grande"},{"id":8,"name":"Rain On Me (with Ariana Grande)","artists":"Lady Gaga","spotify_id":"24ySl2hOPGCDcxBxFIqWBu","search":"Rain On Me (with Ariana Grande) Lady Gaga"},{"id":9,"name":"GOOBA","artists":"6ix9ine","spotify_id":"4NhDYoQTYCdWHTvlbGVgwo","search":"GOOBA 6ix9ine"}]